{
	"credit": "Made with Blockbench",
	"textures": {
		"5": "tac:gunskin/deagle_357/deagle_357_basic"
	},
	"elements": [
		{
			"from": [7.59725, 13.216, 23.375],
			"to": [7.76212, 13.52796, 23.5625],
			"rotation": {"angle": 0, "axis": "y", "origin": [6.51598, 12.60662, 23.6875]},
			"faces": {
				"north": {"uv": [6, 8.25, 6.03125, 8.28125], "texture": "#5", "tintindex": 1},
				"east": {"uv": [8.25, 6, 8.28125, 6.03125], "texture": "#5", "tintindex": 1},
				"south": {"uv": [6.125, 8.25, 6.15625, 8.28125], "texture": "#5", "tintindex": 1},
				"west": {"uv": [8.25, 6.125, 8.28125, 6.15625], "texture": "#5", "tintindex": 1},
				"up": {"uv": [6.28125, 8.28125, 6.25, 8.25], "texture": "#5", "tintindex": 1},
				"down": {"uv": [8.28125, 6.25, 8.25, 6.28125], "texture": "#5", "tintindex": 1}
			}
		},
		{
			"from": [7.76212, 13.216, 23.375],
			"to": [8.23788, 13.29359, 23.5625],
			"rotation": {"angle": 0, "axis": "y", "origin": [9.17152, 12.73162, 23.6875]},
			"faces": {
				"north": {"uv": [8.25, 6.375, 8.28125, 6.40625], "texture": "#5", "tintindex": 1},
				"south": {"uv": [6.6875, 8.25, 6.71875, 8.28125], "texture": "#5", "tintindex": 1},
				"up": {"uv": [6.84375, 8.28125, 6.8125, 8.25], "texture": "#5", "tintindex": 1},
				"down": {"uv": [8.28125, 6.8125, 8.25, 6.84375], "texture": "#5", "tintindex": 1}
			}
		},
		{
			"from": [8.23788, 13.216, 23.375],
			"to": [8.40275, 13.52796, 23.5625],
			"rotation": {"angle": 0, "axis": "y", "origin": [9.48402, 12.60662, 23.6875]},
			"faces": {
				"north": {"uv": [6.9375, 8.25, 6.96875, 8.28125], "texture": "#5", "tintindex": 1},
				"east": {"uv": [8.25, 6.9375, 8.28125, 6.96875], "texture": "#5", "tintindex": 1},
				"south": {"uv": [7.0625, 8.25, 7.09375, 8.28125], "texture": "#5", "tintindex": 1},
				"west": {"uv": [8.25, 7.0625, 8.28125, 7.09375], "texture": "#5", "tintindex": 1},
				"up": {"uv": [7.21875, 8.28125, 7.1875, 8.25], "texture": "#5", "tintindex": 1},
				"down": {"uv": [8.28125, 7.1875, 8.25, 7.21875], "texture": "#5", "tintindex": 1}
			}
		},
		{
			"from": [7.90625, 13.01907, 2.89063],
			"to": [8.09375, 13.44094, 3.26563],
			"rotation": {"angle": 22.5, "axis": "x", "origin": [8, 13.09719, 3.09375]},
			"faces": {
				"north": {"uv": [8.875, 7.3125, 8.90625, 7.34375], "texture": "#5", "tintindex": 1},
				"east": {"uv": [7.375, 8.875, 7.40625, 8.90625], "texture": "#5", "tintindex": 1},
				"west": {"uv": [7.625, 8.875, 7.65625, 8.90625], "texture": "#5", "tintindex": 1},
				"up": {"uv": [8.90625, 7.65625, 8.875, 7.625], "texture": "#5", "tintindex": 1}
			}
		},
		{
			"from": [7.90625, 13.19432, 2.75957],
			"to": [8.09375, 13.49251, 3.03763],
			"rotation": {"angle": 0, "axis": "y", "origin": [8, 13.40526, 2.69707]},
			"faces": {
				"north": {"uv": [7.875, 8.875, 7.90625, 8.90625], "texture": "#5", "tintindex": 1},
				"east": {"uv": [8.875, 7.875, 8.90625, 7.90625], "texture": "#5", "tintindex": 1},
				"south": {"uv": [8, 8.875, 8.03125, 8.90625], "texture": "#5", "tintindex": 1},
				"west": {"uv": [8.875, 8, 8.90625, 8.03125], "texture": "#5", "tintindex": 1},
				"up": {"uv": [8.15625, 8.90625, 8.125, 8.875], "texture": "#5", "tintindex": 1}
			}
		},
		{
			"from": [7.90625, 13.15312, 2.71667],
			"to": [8.09375, 13.45131, 2.80723],
			"rotation": {"angle": 22.5, "axis": "x", "origin": [8, 13.36406, 2.84167]},
			"faces": {
				"north": {"uv": [8.875, 8.5, 8.90625, 8.53125], "texture": "#5", "tintindex": 1},
				"east": {"uv": [8.625, 8.875, 8.65625, 8.90625], "texture": "#5", "tintindex": 1},
				"west": {"uv": [8.75, 8.875, 8.78125, 8.90625], "texture": "#5", "tintindex": 1}
			}
		}
	],
	"display": {
		"thirdperson_righthand": {
			"translation": [0, 0, -3],
			"scale": [0.275, 0.275, 0.275]
		},
		"thirdperson_lefthand": {
			"translation": [0, 0, -3],
			"scale": [0.275, 0.275, 0.275]
		},
		"firstperson_righthand": {
			"translation": [-0.5, 0.5, -21],
			"scale": [0.9, 0.9, 0.9]
		},
		"firstperson_lefthand": {
			"translation": [-0.5, 0.5, -21],
			"scale": [0.9, 0.9, 0.9]
		},
		"ground": {
			"translation": [0, 5, 0],
			"scale": [0.275, 0.275, 0.275]
		},
		"gui": {
			"rotation": [30, -145, 0],
			"translation": [3.5, -2.25, 0],
			"scale": [0.8, 0.8, 0.8]
		},
		"fixed": {
			"rotation": [0, 90, 0],
			"translation": [-4.25, -0.75, -1],
			"scale": [0.55, 0.55, 0.55]
		}
	},
	"groups": [
		{
			"name": "parts",
			"origin": [8, 8, 8],
			"color": 0,
			"children": [
				{
					"name": "octagon",
					"origin": [8, 8, 8],
					"color": 0,
					"children": []
				},
				{
					"name": "octagon",
					"origin": [8, 8, 8],
					"color": 0,
					"children": []
				},
				{
					"name": "octagon",
					"origin": [8, 8, 8],
					"color": 0,
					"children": []
				},
				{
					"name": "switch2",
					"origin": [6.5625, 12.25, 15.0625],
					"color": 0,
					"children": [
						{
							"name": "octagon",
							"origin": [8, 8, 8],
							"color": 0,
							"children": []
						}
					]
				}
			]
		},
		{
			"name": "barrel",
			"origin": [8, 16, 8],
			"color": 0,
			"children": []
		},
		{
			"name": "hammer",
			"origin": [7.99965, 16.13954, 19.84857],
			"color": 0,
			"children": []
		},
		{
			"name": "trigger",
			"origin": [8, 10.27026, 11.69931],
			"color": 7,
			"children": []
		},
		{
			"name": "glow_sight",
			"origin": [9.48402, 17.04412, 17.5],
			"color": 4,
			"children": [0, 1, 2]
		},
		{
			"name": "lower",
			"origin": [8, 8, 8],
			"color": 0,
			"children": [
				{
					"name": "lower2",
					"origin": [8, 9.85181, 12.1496],
					"color": 0,
					"children": []
				},
				{
					"name": "chamber",
					"origin": [8, 8, 8],
					"color": 6,
					"children": [
						{
							"name": "octagon",
							"origin": [8, 8, 8],
							"color": 0,
							"children": []
						}
					]
				}
			]
		},
		{
			"name": "grip",
			"origin": [8, 4.27903, 19.55538],
			"color": 0,
			"children": []
		},
		{
			"name": "front",
			"origin": [8, 8, 8],
			"color": 0,
			"children": [
				{
					"name": "front",
					"origin": [9.01427, 13.38457, 0.23594],
					"color": 0,
					"children": []
				},
				{
					"name": "sight",
					"origin": [8, 17.28912, -2.30427],
					"color": 0,
					"children": [
						{
							"name": "base",
							"origin": [8, 12.62844, 4.21875],
							"color": 0,
							"children": []
						},
						{
							"name": "glow_sight",
							"origin": [8, 17.28912, -2.30427],
							"color": 0,
							"children": [3, 4, 5]
						}
					]
				}
			]
		},
		{
			"name": "m+b",
			"origin": [8, 8, 8],
			"color": 0,
			"children": [
				{
					"name": "magazine",
					"origin": [8.02231, 1.39316, 19.31121],
					"color": 0,
					"children": []
				}
			]
		},
		{
			"name": "extra_extdmag",
			"origin": [8, 8, 8],
			"color": 0,
			"children": [
				{
					"name": "extend_magazine",
					"origin": [8.02231, 1.39316, 19.31121],
					"color": 0,
					"children": []
				}
			]
		},
		{
			"name": ".50AE",
			"origin": [0, 0, 0],
			"color": 0,
			"children": []
		}
	]
}